[
    {"English":"Children","Thai":"เด็ก"},
    {"English":"University","Thai":"มหาวิทยาลัย"},
    {"English":"School","Thai":"โรงเรียน"},
    {"English":"Rest","Thai":"พักผ่อน"},
    {"English":"Bottle","Thai":"ขวดน้ำ"},
    {"English":"Curtain","Thai":"ผ้าม่าน"},
    {"English":"Dust","Thai":"เศษฝุ่น"},
    {"English":"Restart","Thai":"เริ่มใหม่"},
    {"English":"Scissors","Thai":"กรรไกร"},
    {"English":"Flavour","Thai":"รสชาติ"},
    {"English":"Magic","Thai":"มายากล"},
    {"English":"Smart","Thai":"ฉลาด"},
    {"English":"Vocabulary","Thai":"คำศัพท์"},
    {"English":"Electric","Thai":"ไฟฟ้า"},
    {"English":"Parliament","Thai":"รัฐสภา"},
    {"English":"Misleading","Thai":"เข้าใจผิด"},
    {"English":"Attorney","Thai":"อัยการ"},
    {"English":"Divorce","Thai":"หย่าร้าง"},
    {"English":"Obey","Thai":"ปฏิบัติตาม"},
    {"English":"Faucet","Thai":"ก๊อกน้ำ"},
    {"English":"Crisis","Thai":"วิกฤติการณ์"},
    {"English":"Broker","Thai":"นายหน้า"},
    {"English":"Landlord","Thai":"เจ้าของที่ดิน"},
    {"English":"Roast","Thai":"ย่าง(ประกอบอาหาร)"},
    {"English":"Classify","Thai":"จำแนก"},
    {"English":"Autonomy","Thai":"อิสระในการตัดสินใจ"},
    {"English":"Harmonious","Thai":"เป็นอันหนึ่งอันเดียวกัน"},
    {"English":"Nepotism","Thai":"เล่นพรรคเล่นพวก"},
    {"English":"Weary","Thai":"เหน็ดเหนื่อยอย่างมาก"},
    {"English":"Articulate","Thai":"ชัดเจน"},
    {"English":"Etiquette","Thai":"มารยาท"}
]